ticker,event_date,mover_type,direction,Points Change,Event Day %Change,Day 1 %,Day 1 Open,Day 1 Close,Day 2 %,Day 2 Open,Day 2 Close,Day 3 %,Day 3 Open,Day 3 Close,Day 4 %,Day 4 Open,Day 4 Close,Day 5 %,Day 5 Open,Day 5 Close,Day 6 %,Day 6 Open,Day 6 Close,Day 7 %,Day 7 Open,Day 7 Close,Day 8 %,Day 8 Open,Day 8 Close,Day 9 %,Day 9 Open,Day 9 Close,Day 10 %,Day 10 Open,Day 10 Close,Day 11 %,Day 11 Open,Day 11 Close
CIFR,2025-11-03,gainer,long,+4.09,+21.90%,+7.29%,20.98,22.51,+8.14%,22.85,24.71,-9.77%,24.06,21.71,-0.61%,20.82,20.69,-10.14%,21.87,19.65,-1.79%,19.01,18.67,-7.21%,18.73,17.38,-9.59%,16.51,14.93,+3.01%,13.94,14.36,+1.92%,14.08,14.35,+2.86%,14.18,14.58
CIFR,2025-11-03,gainer,short,+4.09,+21.90%,-7.29%,20.98,22.51,-8.14%,22.85,24.71,+9.77%,24.06,21.71,+0.61%,20.82,20.69,+10.14%,21.87,19.65,+1.79%,19.01,18.67,+7.21%,18.73,17.38,+9.59%,16.51,14.93,-3.01%,13.94,14.36,-1.92%,14.08,14.35,-2.86%,14.18,14.58
AMKR,2025-11-03,gainer,long,+5.56,+17.22%,-1.76%,35.88,35.25,+2.41%,35.69,36.55,-4.16%,36.67,35.15,+1.77%,34.17,34.78,-1.92%,35.90,35.21,-1.52%,34.79,34.26,-0.81%,34.75,34.47,-5.25%,33.72,31.95,+3.80%,30.52,31.68,-0.96%,31.19,30.89,+1.09%,30.36,30.69
AMKR,2025-11-03,gainer,short,+5.56,+17.22%,+1.76%,35.88,35.25,-2.41%,35.69,36.55,+4.16%,36.67,35.15,-1.77%,34.17,34.78,+1.92%,35.90,35.21,+1.52%,34.79,34.26,+0.81%,34.75,34.47,+5.25%,33.72,31.95,-3.80%,30.52,31.68,+0.96%,31.19,30.89,-1.09%,30.36,30.69
LUMN,2025-11-03,gainer,long,+1.55,+15.08%,-4.01%,10.98,10.54,+1.97%,10.65,10.86,-0.18%,10.96,10.94,-3.40%,10.89,10.52,-3.76%,10.90,10.49,-10.89%,10.38,9.25,-8.75%,9.37,8.55,-3.68%,8.43,8.12,+3.10%,7.75,7.99,+0.88%,7.99,8.06,-3.54%,7.90,7.62
LUMN,2025-11-03,gainer,short,+1.55,+15.08%,+4.01%,10.98,10.54,-1.97%,10.65,10.86,+0.18%,10.96,10.94,+3.40%,10.89,10.52,+3.76%,10.90,10.49,+10.89%,10.38,9.25,+8.75%,9.37,8.55,+3.68%,8.43,8.12,-3.10%,7.75,7.99,-0.88%,7.99,8.06,+3.54%,7.90,7.62
IDXX,2025-11-03,gainer,long,+93.43,+14.84%,+0.65%,717.44,722.12,-0.57%,724.36,720.21,+0.18%,712.47,713.74,-0.24%,710.15,708.45,+0.45%,706.41,709.59,+0.22%,710.94,712.47,+0.15%,712.47,713.56,-1.18%,709.83,701.48,-0.86%,695.92,689.93,-3.03%,689.93,669.00,+0.17%,669.09,670.21
IDXX,2025-11-03,gainer,short,+93.43,+14.84%,-0.65%,717.44,722.12,+0.57%,724.36,720.21,-0.18%,712.47,713.74,+0.24%,710.15,708.45,-0.45%,706.41,709.59,-0.22%,710.94,712.47,-0.15%,712.47,713.56,+1.18%,709.83,701.48,+0.86%,695.92,689.93,+3.03%,689.93,669.00,-0.17%,669.09,670.21
FRPT,2025-11-03,gainer,long,+7.04,+14.31%,-0.95%,56.57,56.03,+2.45%,56.03,57.40,-2.17%,57.24,56.00,-1.36%,56.00,55.24,+0.04%,55.33,55.35,+0.77%,55.57,56.00,-0.77%,56.04,55.61,-3.97%,55.65,53.44,+0.45%,53.20,53.44,-1.16%,53.36,52.74,+0.11%,52.79,52.85
FRPT,2025-11-03,gainer,short,+7.04,+14.31%,+0.95%,56.57,56.03,-2.45%,56.03,57.40,+2.17%,57.24,56.00,+1.36%,56.00,55.24,-0.04%,55.33,55.35,-0.77%,55.57,56.00,+0.77%,56.04,55.61,+3.97%,55.65,53.44,-0.45%,53.20,53.44,+1.16%,53.36,52.74,-0.11%,52.79,52.85
QURE,2025-11-03,loser,long,-33.40,-49.34%,-1.20%,30.81,30.44,-5.41%,27.55,26.06,+0.55%,27.36,27.51,+6.39%,26.12,27.79,-0.95%,26.40,26.15,+16.42%,26.49,30.84,-0.88%,30.39,30.12,+2.22%,29.68,30.34,+3.03%,29.00,29.88,+4.62%,28.99,30.33,-0.13%,29.75,29.71
QURE,2025-11-03,loser,short,-33.40,-49.34%,+1.20%,30.81,30.44,+5.41%,27.55,26.06,-0.55%,27.36,27.51,-6.39%,26.12,27.79,+0.95%,26.40,26.15,-16.42%,26.49,30.84,+0.88%,30.39,30.12,-2.22%,29.68,30.34,-3.03%,29.00,29.88,-4.62%,28.99,30.33,+0.13%,29.75,29.71
RGC,2025-11-03,loser,long,-3.09,-18.56%,+1.00%,13.00,13.13,+0.85%,12.99,13.10,+0.00%,13.26,13.26,+0.15%,13.00,13.02,+2.52%,13.49,13.83,+10.91%,13.11,14.54,-4.54%,14.33,13.68,-5.73%,13.79,13.00,+0.08%,12.59,12.60,+2.62%,12.60,12.93,+3.89%,12.60,13.09
RGC,2025-11-03,loser,short,-3.09,-18.56%,-1.00%,13.00,13.13,-0.85%,12.99,13.10,-0.00%,13.26,13.26,-0.15%,13.00,13.02,-2.52%,13.49,13.83,-10.91%,13.11,14.54,+4.54%,14.33,13.68,+5.73%,13.79,13.00,-0.08%,12.59,12.60,-2.62%,12.60,12.93,-3.89%,12.60,13.09
KMB,2025-11-03,loser,long,-17.44,-14.57%,-1.50%,102.18,100.64,-0.58%,100.63,100.05,+0.65%,100.12,100.77,+3.05%,100.78,103.85,-0.73%,103.85,103.09,-0.34%,103.38,103.03,+0.32%,103.79,104.12,-0.54%,105.02,104.45,-0.94%,105.01,104.02,-0.14%,103.81,103.66,-1.05%,104.35,103.25
KMB,2025-11-03,loser,short,-17.44,-14.57%,+1.50%,102.18,100.64,+0.58%,100.63,100.05,-0.65%,100.12,100.77,-3.05%,100.78,103.85,+0.73%,103.85,103.09,+0.34%,103.38,103.03,-0.32%,103.79,104.12,+0.54%,105.02,104.45,+0.94%,105.01,104.02,+0.14%,103.81,103.66,+1.05%,104.35,103.25
UUUU,2025-11-03,loser,long,-2.71,-13.21%,+6.31%,16.00,17.01,-4.31%,16.94,16.21,-4.00%,15.75,15.12,+10.52%,14.16,15.65,+0.67%,16.38,16.49,-2.37%,16.06,15.68,-0.50%,15.90,15.82,-1.90%,15.78,15.48,+7.24%,14.50,15.55,-1.19%,15.14,14.96,+3.33%,14.56,15.05
UUUU,2025-11-03,loser,short,-2.71,-13.21%,-6.31%,16.00,17.01,+4.31%,16.94,16.21,+4.00%,15.75,15.12,-10.52%,14.16,15.65,-0.67%,16.38,16.49,+2.37%,16.06,15.68,+0.50%,15.90,15.82,+1.90%,15.78,15.48,-7.24%,14.50,15.55,+1.19%,15.14,14.96,-3.33%,14.56,15.05
QS,2025-11-03,loser,long,-2.23,-12.09%,-0.39%,15.50,15.44,+8.86%,15.68,17.07,-5.92%,16.90,15.90,+6.27%,15.64,16.62,-5.29%,17.19,16.28,-1.30%,16.12,15.91,-8.56%,16.01,14.64,-5.76%,14.40,13.57,+3.15%,13.02,13.43,-2.70%,13.31,12.95,+1.33%,12.80,12.97
QS,2025-11-03,loser,short,-2.23,-12.09%,+0.39%,15.50,15.44,-8.86%,15.68,17.07,+5.92%,16.90,15.90,-6.27%,15.64,16.62,+5.29%,17.19,16.28,+1.30%,16.12,15.91,+8.56%,16.01,14.64,+5.76%,14.40,13.57,-3.15%,13.02,13.43,+2.70%,13.31,12.95,-1.33%,12.80,12.97
HTZ,2025-11-04,gainer,long,+1.79,+36.23%,+2.85%,6.49,6.68,-6.85%,6.64,6.18,+7.52%,6.12,6.58,-7.37%,6.78,6.28,+2.74%,6.21,6.38,-1.40%,6.43,6.34,-1.94%,6.19,6.07,-4.07%,5.89,5.65,-5.90%,5.59,5.26,+0.38%,5.20,5.22,,,
HTZ,2025-11-04,gainer,short,+1.79,+36.23%,-2.85%,6.49,6.68,+6.85%,6.64,6.18,-7.52%,6.12,6.58,+7.37%,6.78,6.28,-2.74%,6.21,6.38,+1.40%,6.43,6.34,+1.94%,6.19,6.07,+4.07%,5.89,5.65,+5.90%,5.59,5.26,-0.38%,5.20,5.22,,,
XMTR,2025-11-04,gainer,long,+14.05,+28.93%,+2.57%,61.10,62.67,+0.11%,61.95,62.02,+5.78%,61.27,64.81,-0.17%,66.50,66.39,-0.62%,66.00,65.59,+0.11%,65.59,65.66,-8.03%,64.39,59.22,+4.99%,57.70,60.58,-6.98%,60.57,56.34,+5.04%,55.55,58.35,,,
XMTR,2025-11-04,gainer,short,+14.05,+28.93%,-2.57%,61.10,62.67,-0.11%,61.95,62.02,-5.78%,61.27,64.81,+0.17%,66.50,66.39,+0.62%,66.00,65.59,-0.11%,65.59,65.66,+8.03%,64.39,59.22,-4.99%,57.70,60.58,+6.98%,60.57,56.34,-5.04%,55.55,58.35,,,
PAY,2025-11-04,gainer,long,+7.49,+26.18%,-0.62%,35.69,35.47,+1.55%,35.59,36.14,+2.66%,36.49,37.46,+0.77%,37.50,37.79,-0.63%,37.97,37.73,-3.34%,38.05,36.78,+2.90%,36.51,37.57,+1.48%,37.15,37.70,-2.15%,37.65,36.84,-4.79%,36.32,34.58,,,
PAY,2025-11-04,gainer,short,+7.49,+26.18%,+0.62%,35.69,35.47,-1.55%,35.59,36.14,-2.66%,36.49,37.46,-0.77%,37.50,37.79,+0.63%,37.97,37.73,+3.34%,38.05,36.78,-2.90%,36.51,37.57,-1.48%,37.15,37.70,+2.15%,37.65,36.84,+4.79%,36.32,34.58,,,
MTSR,2025-11-04,gainer,long,+12.45,+20.50%,-0.86%,72.00,71.38,+5.53%,77.28,81.55,+2.06%,81.50,83.18,-0.18%,71.00,70.87,+0.27%,70.61,70.80,+0.00%,70.75,70.75,-0.34%,70.74,70.50,+0.00%,70.50,70.50,,,,,,,,,
MTSR,2025-11-04,gainer,short,+12.45,+20.50%,+0.86%,72.00,71.38,-5.53%,77.28,81.55,-2.06%,81.50,83.18,+0.18%,71.00,70.87,-0.27%,70.61,70.80,-0.00%,70.75,70.75,+0.34%,70.74,70.50,-0.00%,70.50,70.50,,,,,,,,,
SANM,2025-11-04,gainer,long,+23.24,+16.56%,+9.20%,162.78,177.76,-2.66%,177.23,172.51,+1.22%,168.26,170.31,+0.32%,173.88,174.43,-1.53%,171.80,169.17,-0.56%,170.75,169.80,-7.84%,167.69,154.54,+7.57%,149.08,160.37,-0.06%,158.97,158.88,-0.28%,156.89,156.45,,,
SANM,2025-11-04,gainer,short,+23.24,+16.56%,-9.20%,162.78,177.76,+2.66%,177.23,172.51,-1.22%,168.26,170.31,-0.32%,173.88,174.43,+1.53%,171.80,169.17,+0.56%,170.75,169.80,+7.84%,167.69,154.54,-7.57%,149.08,160.37,+0.06%,158.97,158.88,+0.28%,156.89,156.45,,,
DGNX,2025-11-04,loser,long,-5.38,-22.77%,+5.26%,19.00,20.00,-9.10%,20.99,19.08,-4.57%,17.93,17.11,-10.36%,19.50,17.48,-9.12%,17.99,16.35,-14.84%,16.44,14.00,-6.90%,14.50,13.50,-19.74%,13.12,10.53,+16.75%,11.64,13.59,+2.08%,15.87,16.20,,,
DGNX,2025-11-04,loser,short,-5.38,-22.77%,-5.26%,19.00,20.00,+9.10%,20.99,19.08,+4.57%,17.93,17.11,+10.36%,19.50,17.48,+9.12%,17.99,16.35,+14.84%,16.44,14.00,+6.90%,14.50,13.50,+19.74%,13.12,10.53,-16.75%,11.64,13.59,-2.08%,15.87,16.20,,,
NCLH,2025-11-04,loser,long,-3.39,-15.28%,-1.53%,18.90,18.61,-1.75%,18.57,18.24,+3.53%,18.42,19.07,-3.01%,19.63,19.04,-0.53%,18.92,18.82,+0.42%,18.86,18.94,-1.93%,18.92,18.56,-0.11%,18.31,18.29,-3.68%,18.20,17.53,+1.88%,17.51,17.84,,,
NCLH,2025-11-04,loser,short,-3.39,-15.28%,+1.53%,18.90,18.61,+1.75%,18.57,18.24,-3.53%,18.42,19.07,+3.01%,19.63,19.04,+0.53%,18.92,18.82,-0.42%,18.86,18.94,+1.93%,18.92,18.56,+0.11%,18.31,18.29,+3.68%,18.20,17.53,-1.88%,17.51,17.84,,,
NVTS,2025-11-04,loser,long,-1.79,-14.61%,-6.63%,10.56,9.86,-10.12%,9.83,8.84,+0.90%,7.77,7.84,+14.25%,8.40,9.60,-3.70%,9.47,9.12,-6.49%,9.24,8.64,-5.52%,8.37,7.91,+8.13%,7.50,8.11,-2.15%,7.90,7.73,+2.23%,7.61,7.78,,,
NVTS,2025-11-04,loser,short,-1.79,-14.61%,+6.63%,10.56,9.86,+10.12%,9.83,8.84,-0.90%,7.77,7.84,-14.25%,8.40,9.60,+3.70%,9.47,9.12,+6.49%,9.24,8.64,+5.52%,8.37,7.91,-8.13%,7.50,8.11,+2.15%,7.90,7.73,-2.23%,7.61,7.78,,,
ZTS,2025-11-04,loser,long,-19.89,-13.78%,-2.99%,124.20,120.49,-0.86%,120.60,119.56,+0.57%,119.56,120.24,-0.53%,120.43,119.79,+0.38%,119.67,120.12,+0.89%,120.18,121.25,+0.07%,121.08,121.16,-0.20%,121.06,120.82,-1.58%,120.71,118.80,-0.24%,118.43,118.14,,,
ZTS,2025-11-04,loser,short,-19.89,-13.78%,+2.99%,124.20,120.49,+0.86%,120.60,119.56,-0.57%,119.56,120.24,+0.53%,120.43,119.79,-0.38%,119.67,120.12,-0.89%,120.18,121.25,-0.07%,121.08,121.16,+0.20%,121.06,120.82,+1.58%,120.71,118.80,+0.24%,118.43,118.14,,,
WRD,2025-11-04,loser,long,-1.50,-13.72%,-7.28%,9.61,8.91,-5.57%,9.06,8.56,-1.30%,8.10,7.99,-1.92%,8.33,8.17,+1.37%,8.00,8.11,-2.34%,8.12,7.93,-6.79%,7.80,7.27,+0.00%,7.03,7.03,-1.11%,7.20,7.12,+3.64%,6.87,7.12,,,
WRD,2025-11-04,loser,short,-1.50,-13.72%,+7.28%,9.61,8.91,+5.57%,9.06,8.56,+1.30%,8.10,7.99,+1.92%,8.33,8.17,-1.37%,8.00,8.11,+2.34%,8.12,7.93,+6.79%,7.80,7.27,-0.00%,7.03,7.03,+1.11%,7.20,7.12,-3.64%,6.87,7.12,,,
LMND,2025-11-05,gainer,long,+20.07,+34.21%,-5.14%,79.20,75.13,+2.00%,73.55,75.02,+1.90%,77.40,78.87,+1.38%,78.06,79.14,-3.75%,80.00,77.00,-7.78%,75.88,69.98,+5.21%,67.00,70.49,-3.34%,69.39,67.07,+4.72%,65.85,68.96,,,,,,
LMND,2025-11-05,gainer,short,+20.07,+34.21%,+5.14%,79.20,75.13,-2.00%,73.55,75.02,-1.90%,77.40,78.87,-1.38%,78.06,79.14,+3.75%,80.00,77.00,+7.78%,75.88,69.98,-5.21%,67.00,70.49,+3.34%,69.39,67.07,-4.72%,65.85,68.96,,,,,,
TDC,2025-11-05,gainer,long,+6.75,+32.59%,+2.83%,27.52,28.30,-0.65%,27.78,27.60,-1.79%,28.43,27.92,+0.39%,27.93,28.04,-0.86%,28.00,27.76,-1.89%,27.50,26.98,+3.14%,26.41,27.24,-3.61%,27.11,26.13,+2.53%,26.13,26.79,,,,,,
TDC,2025-11-05,gainer,short,+6.75,+32.59%,-2.83%,27.52,28.30,+0.65%,27.78,27.60,+1.79%,28.43,27.92,-0.39%,27.93,28.04,+0.86%,28.00,27.76,+1.89%,27.50,26.98,-3.14%,26.41,27.24,+3.61%,27.11,26.13,-2.53%,26.13,26.79,,,,,,
SEDG,2025-11-05,gainer,long,+9.20,+28.91%,-3.36%,40.23,38.88,+6.41%,37.59,40.00,+9.03%,41.62,45.38,-1.76%,45.50,44.70,-6.51%,45.47,42.51,-13.64%,42.17,36.42,+3.94%,34.81,36.18,-2.11%,35.01,34.27,+0.84%,34.51,34.80,,,,,,
SEDG,2025-11-05,gainer,short,+9.20,+28.91%,+3.36%,40.23,38.88,-6.41%,37.59,40.00,-9.03%,41.62,45.38,+1.76%,45.50,44.70,+6.51%,45.47,42.51,+13.64%,42.17,36.42,-3.94%,34.81,36.18,+2.11%,35.01,34.27,-0.84%,34.51,34.80,,,,,,
VCYT,2025-11-05,gainer,long,+9.92,+27.46%,-7.72%,45.18,41.69,+1.14%,41.23,41.70,+0.67%,42.07,42.35,+1.57%,42.00,42.66,-0.59%,42.55,42.30,-4.53%,41.76,39.87,+1.57%,38.74,39.35,+1.00%,38.89,39.28,-0.62%,39.00,38.76,,,,,,
VCYT,2025-11-05,gainer,short,+9.92,+27.46%,+7.72%,45.18,41.69,-1.14%,41.23,41.70,-0.67%,42.07,42.35,-1.57%,42.00,42.66,+0.59%,42.55,42.30,+4.53%,41.76,39.87,-1.57%,38.74,39.35,-1.00%,38.89,39.28,+0.62%,39.00,38.76,,,,,,
LITE,2025-11-05,gainer,long,+44.39,+23.57%,-1.77%,244.00,239.68,+2.77%,233.64,240.11,+1.22%,256.77,259.89,+0.25%,251.84,252.47,-3.31%,262.50,253.81,-8.42%,247.71,226.86,+7.72%,215.52,232.15,+2.36%,236.50,242.07,+0.85%,245.35,247.43,,,,,,
LITE,2025-11-05,gainer,short,+44.39,+23.57%,+1.77%,244.00,239.68,-2.77%,233.64,240.11,-1.22%,256.77,259.89,-0.25%,251.84,252.47,+3.31%,262.50,253.81,+8.42%,247.71,226.86,-7.72%,215.52,232.15,-2.36%,236.50,242.07,-0.85%,245.35,247.43,,,,,,
TREX,2025-11-05,loser,long,-14.61,-31.06%,-1.33%,32.35,31.92,+4.34%,31.60,32.97,-1.26%,32.64,32.23,+0.37%,32.69,32.81,-0.24%,33.13,33.05,-1.46%,32.79,32.31,-1.12%,32.13,31.77,-3.84%,32.56,31.31,-0.13%,31.07,31.03,,,,,,
TREX,2025-11-05,loser,short,-14.61,-31.06%,+1.33%,32.35,31.92,-4.34%,31.60,32.97,+1.26%,32.64,32.23,-0.37%,32.69,32.81,+0.24%,33.13,33.05,+1.46%,32.79,32.31,+1.12%,32.13,31.77,+3.84%,32.56,31.31,+0.13%,31.07,31.03,,,,,,
SLNO,2025-11-05,loser,long,-16.98,-26.59%,-5.37%,46.01,43.54,+9.83%,43.43,47.70,-1.74%,47.13,46.31,-2.56%,49.98,48.70,-1.75%,48.58,47.73,+0.13%,47.29,47.35,+4.61%,47.24,49.42,-4.06%,49.25,47.25,+2.49%,47.36,48.54,,,,,,
SLNO,2025-11-05,loser,short,-16.98,-26.59%,+5.37%,46.01,43.54,-9.83%,43.43,47.70,+1.74%,47.13,46.31,+2.56%,49.98,48.70,+1.75%,48.58,47.73,-0.13%,47.29,47.35,-4.61%,47.24,49.42,+4.06%,49.25,47.25,-2.49%,47.36,48.54,,,,,,
PRGO,2025-11-05,loser,long,-5.09,-25.21%,-1.91%,15.22,14.93,-2.89%,14.87,14.44,-1.59%,14.48,14.25,-0.07%,14.31,14.30,-0.91%,14.29,14.16,-1.13%,14.13,13.97,-1.36%,13.97,13.78,-1.67%,13.79,13.56,-0.81%,13.50,13.39,,,,,,
PRGO,2025-11-05,loser,short,-5.09,-25.21%,+1.91%,15.22,14.93,+2.89%,14.87,14.44,+1.59%,14.48,14.25,+0.07%,14.31,14.30,+0.91%,14.29,14.16,+1.13%,14.13,13.97,+1.36%,13.97,13.78,+1.67%,13.79,13.56,+0.81%,13.50,13.39,,,,,,
PINS,2025-11-05,loser,long,-7.16,-21.76%,+0.77%,26.08,26.28,+3.59%,26.15,27.09,-0.77%,27.22,27.01,+1.48%,26.96,27.36,-0.76%,27.53,27.32,-1.18%,27.09,26.77,+2.07%,26.08,26.62,-4.20%,26.64,25.52,+1.98%,25.27,25.77,,,,,,
PINS,2025-11-05,loser,short,-7.16,-21.76%,-0.77%,26.08,26.28,-3.59%,26.15,27.09,+0.77%,27.22,27.01,-1.48%,26.96,27.36,+0.76%,27.53,27.32,+1.18%,27.09,26.77,-2.07%,26.08,26.62,+4.20%,26.64,25.52,-1.98%,25.27,25.77,,,,,,
SUPN,2025-11-05,loser,long,-9.89,-17.35%,+0.39%,47.08,47.26,-1.60%,46.77,46.02,-1.48%,46.08,45.40,+1.56%,45.40,46.11,-3.13%,46.06,44.62,-0.38%,44.61,44.44,+1.17%,44.48,45.00,+0.87%,44.70,45.09,-0.47%,45.11,44.90,,,,,,
SUPN,2025-11-05,loser,short,-9.89,-17.35%,-0.39%,47.08,47.26,+1.60%,46.77,46.02,+1.48%,46.08,45.40,-1.56%,45.40,46.11,+3.13%,46.06,44.62,+0.38%,44.61,44.44,-1.17%,44.48,45.00,-0.87%,44.70,45.09,+0.47%,45.11,44.90,,,,,,
HAE,2025-11-06,gainer,long,+16.39,+32.31%,+1.56%,67.31,68.36,+2.61%,68.69,70.48,+1.21%,70.87,71.73,+2.18%,71.56,73.12,+0.90%,73.25,73.91,+1.45%,72.44,73.49,+0.43%,74.00,74.32,-0.16%,74.52,74.40,,,,,,,,,
HAE,2025-11-06,gainer,short,+16.39,+32.31%,-1.56%,67.31,68.36,-2.61%,68.69,70.48,-1.21%,70.87,71.73,-2.18%,71.56,73.12,-0.90%,73.25,73.91,-1.45%,72.44,73.49,-0.43%,74.00,74.32,+0.16%,74.52,74.40,,,,,,,,,
APPN,2025-11-06,gainer,long,+9.03,+30.79%,+5.86%,38.06,40.29,+3.70%,40.80,42.31,+3.95%,42.54,44.22,+2.98%,44.32,45.64,-4.63%,45.14,43.05,+2.85%,42.07,43.27,-3.69%,43.13,41.54,+2.03%,41.38,42.22,,,,,,,,,
APPN,2025-11-06,gainer,short,+9.03,+30.79%,-5.86%,38.06,40.29,-3.70%,40.80,42.31,-3.95%,42.54,44.22,-2.98%,44.32,45.64,+4.63%,45.14,43.05,-2.85%,42.07,43.27,+3.69%,43.13,41.54,-2.03%,41.38,42.22,,,,,,,,,
LFST,2025-11-06,gainer,long,+1.44,+29.94%,-1.26%,6.37,6.29,+2.06%,6.30,6.43,+0.15%,6.46,6.47,+0.62%,6.40,6.44,-2.92%,6.50,6.31,+1.91%,6.28,6.40,-1.73%,6.36,6.25,+0.81%,6.15,6.20,,,,,,,,,
LFST,2025-11-06,gainer,short,+1.44,+29.94%,+1.26%,6.37,6.29,-2.06%,6.30,6.43,-0.15%,6.46,6.47,-0.62%,6.40,6.44,+2.92%,6.50,6.31,-1.91%,6.28,6.40,+1.73%,6.36,6.25,-0.81%,6.15,6.20,,,,,,,,,
BHF,2025-11-06,gainer,long,+13.90,+26.83%,+0.47%,65.70,66.01,-0.11%,65.98,65.91,-0.18%,65.95,65.83,-0.05%,65.85,65.82,-0.15%,65.89,65.79,+0.09%,65.72,65.78,-0.29%,65.81,65.62,+0.24%,65.62,65.78,,,,,,,,,
BHF,2025-11-06,gainer,short,+13.90,+26.83%,-0.47%,65.70,66.01,+0.11%,65.98,65.91,+0.18%,65.95,65.83,+0.05%,65.85,65.82,+0.15%,65.89,65.79,-0.09%,65.72,65.78,+0.29%,65.81,65.62,-0.24%,65.62,65.78,,,,,,,,,
DDOG,2025-11-06,gainer,long,+35.84,+23.13%,+3.79%,184.26,191.24,+3.75%,192.50,199.72,-0.40%,198.65,197.86,-4.32%,199.50,190.89,-2.12%,190.00,185.97,+2.21%,181.02,185.01,-2.13%,184.18,180.26,-0.21%,176.84,176.46,,,,,,,,,
DDOG,2025-11-06,gainer,short,+35.84,+23.13%,-3.79%,184.26,191.24,-3.75%,192.50,199.72,+0.40%,198.65,197.86,+4.32%,199.50,190.89,+2.12%,190.00,185.97,-2.21%,181.02,185.01,+2.13%,184.18,180.26,+0.21%,176.84,176.46,,,,,,,,,
ELF,2025-11-06,loser,long,-41.29,-35.04%,-2.52%,75.65,73.74,+5.20%,75.90,79.85,-2.40%,79.89,77.97,-0.33%,78.00,77.74,-3.39%,77.00,74.39,+1.35%,72.53,73.51,-1.44%,73.85,72.79,+1.47%,72.00,73.06,,,,,,,,,
ELF,2025-11-06,loser,short,-41.29,-35.04%,+2.52%,75.65,73.74,-5.20%,75.90,79.85,+2.40%,79.89,77.97,+0.33%,78.00,77.74,+3.39%,77.00,74.39,-1.35%,72.53,73.51,+1.44%,73.85,72.79,-1.47%,72.00,73.06,,,,,,,,,
DUOL,2025-11-06,loser,long,-66.28,-25.49%,+5.35%,191.00,201.21,-4.92%,202.79,192.80,+1.46%,192.09,194.89,-4.26%,194.88,186.58,+0.34%,185.90,186.54,+0.04%,184.99,185.07,-1.77%,181.49,178.27,-1.54%,178.20,175.45,,,,,,,,,
DUOL,2025-11-06,loser,short,-66.28,-25.49%,-5.35%,191.00,201.21,+4.92%,202.79,192.80,-1.46%,192.09,194.89,+4.26%,194.88,186.58,-0.34%,185.90,186.54,-0.04%,184.99,185.07,+1.77%,181.49,178.27,+1.54%,178.20,175.45,,,,,,,,,
RELY,2025-11-06,loser,long,-4.13,-25.12%,+3.08%,12.33,12.71,-1.63%,12.87,12.66,-1.19%,12.64,12.49,-2.17%,12.47,12.20,+2.13%,12.23,12.49,+0.77%,12.31,12.41,+0.40%,12.55,12.60,+2.24%,12.52,12.80,,,,,,,,,
RELY,2025-11-06,loser,short,-4.13,-25.12%,-3.08%,12.33,12.71,+1.63%,12.87,12.66,+1.19%,12.64,12.49,+2.17%,12.47,12.20,-2.13%,12.23,12.49,-0.77%,12.31,12.41,-0.40%,12.55,12.60,-2.24%,12.52,12.80,,,,,,,,,
CELH,2025-11-06,loser,long,-14.86,-24.80%,-9.34%,45.80,41.52,+0.36%,44.40,44.56,-1.86%,44.56,43.73,+1.49%,44.25,44.91,-2.78%,45.27,44.01,-0.65%,43.07,42.79,-5.93%,42.69,40.16,+0.87%,40.29,40.64,,,,,,,,,
CELH,2025-11-06,loser,short,-14.86,-24.80%,+9.34%,45.80,41.52,-0.36%,44.40,44.56,+1.86%,44.56,43.73,-1.49%,44.25,44.91,+2.78%,45.27,44.01,+0.65%,43.07,42.79,+5.93%,42.69,40.16,-0.87%,40.29,40.64,,,,,,,,,
KMX,2025-11-06,loser,long,-9.93,-24.33%,+5.20%,30.76,32.36,+3.81%,32.03,33.25,+1.94%,33.49,34.14,+2.17%,33.69,34.42,+1.73%,34.20,34.79,-0.66%,34.66,34.43,-6.60%,34.38,32.11,+4.17%,32.10,33.44,,,,,,,,,
KMX,2025-11-06,loser,short,-9.93,-24.33%,-5.20%,30.76,32.36,-3.81%,32.03,33.25,-1.94%,33.49,34.14,-2.17%,33.69,34.42,-1.73%,34.20,34.79,+0.66%,34.66,34.43,+6.60%,34.38,32.11,-4.17%,32.10,33.44,,,,,,,,,
GMED,2025-11-07,gainer,long,+22.18,+35.94%,+3.59%,83.37,86.36,-1.23%,86.00,84.94,-0.34%,85.00,84.71,-0.38%,84.31,83.99,+2.33%,82.53,84.45,-1.50%,84.91,83.64,-0.18%,83.57,83.42,,,,,,,,,,,,
GMED,2025-11-07,gainer,short,+22.18,+35.94%,-3.59%,83.37,86.36,+1.23%,86.00,84.94,+0.34%,85.00,84.71,+0.38%,84.31,83.99,-2.33%,82.53,84.45,+1.50%,84.91,83.64,+0.18%,83.57,83.42,,,,,,,,,,,,
FROG,2025-11-07,gainer,long,+12.74,+26.96%,+6.31%,60.50,64.32,+1.41%,63.12,64.01,-3.64%,64.00,61.67,-2.79%,61.29,59.58,+1.88%,58.00,59.09,-3.61%,59.00,56.87,+2.74%,56.54,58.09,,,,,,,,,,,,
FROG,2025-11-07,gainer,short,+12.74,+26.96%,-6.31%,60.50,64.32,-1.41%,63.12,64.01,+3.64%,64.00,61.67,+2.79%,61.29,59.58,-1.88%,58.00,59.09,+3.61%,59.00,56.87,-2.74%,56.54,58.09,,,,,,,,,,,,
EOSE,2025-11-07,gainer,long,+2.97,+19.42%,+4.92%,18.29,19.19,-2.29%,18.95,18.52,-9.46%,19.07,17.27,-11.03%,17.09,15.20,-3.33%,14.27,13.80,-3.74%,13.51,13.00,+6.44%,12.66,13.48,,,,,,,,,,,,
EOSE,2025-11-07,gainer,short,+2.97,+19.42%,-4.92%,18.29,19.19,+2.29%,18.95,18.52,+9.46%,19.07,17.27,+11.03%,17.09,15.20,+3.33%,14.27,13.80,+3.74%,13.51,13.00,-6.44%,12.66,13.48,,,,,,,,,,,,
OS,2025-11-07,gainer,long,+3.66,+19.18%,+4.26%,22.77,23.74,-2.76%,23.53,22.88,-3.53%,22.94,22.13,-1.55%,21.96,21.62,+2.90%,21.07,21.68,-3.63%,21.50,20.72,-0.10%,20.60,20.58,,,,,,,,,,,,
OS,2025-11-07,gainer,short,+3.66,+19.18%,-4.26%,22.77,23.74,+2.76%,23.53,22.88,+3.53%,22.94,22.13,+1.55%,21.96,21.62,-2.90%,21.07,21.68,+3.63%,21.50,20.72,+0.10%,20.60,20.58,,,,,,,,,,,,
EXPE,2025-11-07,gainer,long,+38.55,+17.55%,+2.19%,262.30,268.04,-1.00%,268.00,265.32,+2.03%,268.20,273.65,-2.00%,272.80,267.35,-0.78%,266.75,264.66,-7.44%,263.79,244.16,-0.83%,242.02,240.00,,,,,,,,,,,,
EXPE,2025-11-07,gainer,short,+38.55,+17.55%,-2.19%,262.30,268.04,+1.00%,268.00,265.32,-2.03%,268.20,273.65,+2.00%,272.80,267.35,+0.78%,266.75,264.66,+7.44%,263.79,244.16,+0.83%,242.02,240.00,,,,,,,,,,,,
UI,2025-11-07,loser,long,-147.38,-19.40%,-6.86%,632.82,589.43,+0.04%,581.15,581.37,+0.25%,583.35,584.81,-4.06%,581.24,557.65,+3.48%,539.80,558.56,-2.38%,554.68,541.50,-0.95%,537.23,532.10,,,,,,,,,,,,
UI,2025-11-07,loser,short,-147.38,-19.40%,+6.86%,632.82,589.43,-0.04%,581.15,581.37,-0.25%,583.35,584.81,+4.06%,581.24,557.65,-3.48%,539.80,558.56,+2.38%,554.68,541.50,+0.95%,537.23,532.10,,,,,,,,,,,,
PRMB,2025-11-07,loser,long,-3.24,-18.31%,+4.01%,14.96,15.56,-1.02%,15.63,15.47,-1.89%,16.39,16.08,+0.12%,16.29,16.31,+1.23%,16.22,16.42,-4.69%,16.41,15.64,-0.13%,15.55,15.53,,,,,,,,,,,,
PRMB,2025-11-07,loser,short,-3.24,-18.31%,-4.01%,14.96,15.56,+1.02%,15.63,15.47,+1.89%,16.39,16.08,-0.12%,16.29,16.31,-1.23%,16.22,16.42,+4.69%,16.41,15.64,+0.13%,15.55,15.53,,,,,,,,,,,,
RUN,2025-11-07,loser,long,-3.29,-16.11%,+0.08%,18.33,18.35,+7.57%,18.36,19.75,-3.76%,20.20,19.44,-1.82%,19.22,18.87,+3.73%,17.98,18.65,-0.35%,18.64,18.57,+5.72%,18.18,19.22,,,,,,,,,,,,
RUN,2025-11-07,loser,short,-3.29,-16.11%,-0.08%,18.33,18.35,-7.57%,18.36,19.75,+3.76%,20.20,19.44,+1.82%,19.22,18.87,-3.73%,17.98,18.65,+0.35%,18.64,18.57,-5.72%,18.18,19.22,,,,,,,,,,,,
DIOD,2025-11-07,loser,long,-7.53,-14.53%,+5.10%,44.35,46.61,+0.71%,46.56,46.89,-0.34%,46.92,46.76,-2.17%,46.00,45.00,+1.76%,43.80,44.57,-0.36%,43.90,43.74,-0.05%,43.13,43.11,,,,,,,,,,,,
DIOD,2025-11-07,loser,short,-7.53,-14.53%,-5.10%,44.35,46.61,-0.71%,46.56,46.89,+0.34%,46.92,46.76,+2.17%,46.00,45.00,-1.76%,43.80,44.57,+0.36%,43.90,43.74,+0.05%,43.13,43.11,,,,,,,,,,,,
DOCS,2025-11-07,loser,long,-8.29,-13.25%,-2.69%,53.99,52.54,-1.55%,53.55,52.72,-3.67%,52.90,50.96,-0.56%,50.00,49.72,+0.55%,49.35,49.62,-4.52%,49.30,47.07,+0.89%,47.00,47.42,,,,,,,,,,,,
DOCS,2025-11-07,loser,short,-8.29,-13.25%,+2.69%,53.99,52.54,+1.55%,53.55,52.72,+3.67%,52.90,50.96,+0.56%,50.00,49.72,-0.55%,49.35,49.62,+4.52%,49.30,47.07,-0.89%,47.00,47.42,,,,,,,,,,,,
COGT,2025-11-10,gainer,long,+17.64,+119.03%,+7.43%,31.11,33.42,+7.73%,32.73,35.26,-5.58%,35.83,33.83,+4.62%,32.06,33.54,+0.63%,33.54,33.75,-0.45%,33.55,33.40,,,,,,,,,,,,,,,
COGT,2025-11-10,gainer,short,+17.64,+119.03%,-7.43%,31.11,33.42,-7.73%,32.73,35.26,+5.58%,35.83,33.83,-4.62%,32.06,33.54,-0.63%,33.54,33.75,+0.45%,33.55,33.40,,,,,,,,,,,,,,,
NVTS,2025-11-10,gainer,long,+1.76,+22.45%,-3.70%,9.47,9.12,-6.49%,9.24,8.64,-5.52%,8.37,7.91,+8.13%,7.50,8.11,-2.15%,7.90,7.73,+2.23%,7.61,7.78,,,,,,,,,,,,,,,
NVTS,2025-11-10,gainer,short,+1.76,+22.45%,+3.70%,9.47,9.12,+6.49%,9.24,8.64,+5.52%,8.37,7.91,-8.13%,7.50,8.11,+2.15%,7.90,7.73,-2.23%,7.61,7.78,,,,,,,,,,,,,,,
OPEN,2025-11-10,gainer,long,+1.43,+21.77%,+6.53%,7.96,8.48,+10.24%,8.50,9.37,-4.62%,8.98,8.56,+0.50%,8.08,8.12,-2.43%,8.03,7.84,+0.67%,7.47,7.52,,,,,,,,,,,,,,,
OPEN,2025-11-10,gainer,short,+1.43,+21.77%,-6.53%,7.96,8.48,-10.24%,8.50,9.37,+4.62%,8.98,8.56,-0.50%,8.08,8.12,+2.43%,8.03,7.84,-0.67%,7.47,7.52,,,,,,,,,,,,,,,
MLYS,2025-11-10,gainer,long,+6.48,+17.04%,+12.17%,42.00,47.11,+0.28%,47.20,47.33,-5.77%,47.00,44.29,-4.42%,42.74,40.85,+8.61%,40.75,44.26,-1.43%,44.02,43.39,,,,,,,,,,,,,,,
MLYS,2025-11-10,gainer,short,+6.48,+17.04%,-12.17%,42.00,47.11,-0.28%,47.20,47.33,+5.77%,47.00,44.29,+4.42%,42.74,40.85,-8.61%,40.75,44.26,+1.43%,44.02,43.39,,,,,,,,,,,,,,,
TSEM,2025-11-10,gainer,long,+14.03,+16.69%,+0.53%,99.25,99.78,+3.45%,102.87,106.42,-5.44%,104.79,99.09,+4.57%,94.92,99.26,-3.80%,99.14,95.37,+1.34%,95.39,96.67,,,,,,,,,,,,,,,
TSEM,2025-11-10,gainer,short,+14.03,+16.69%,-0.53%,99.25,99.78,-3.45%,102.87,106.42,+5.44%,104.79,99.09,-4.57%,94.92,99.26,+3.80%,99.14,95.37,-1.34%,95.39,96.67,,,,,,,,,,,,,,,
SGRY,2025-11-10,loser,long,-5.47,-25.42%,-2.69%,16.18,15.74,+0.95%,15.71,15.86,-2.48%,15.70,15.31,-0.26%,15.32,15.28,-1.76%,15.33,15.06,+1.13%,15.01,15.18,,,,,,,,,,,,,,,
SGRY,2025-11-10,loser,short,-5.47,-25.42%,+2.69%,16.18,15.74,-0.95%,15.71,15.86,+2.48%,15.70,15.31,+0.26%,15.32,15.28,+1.76%,15.33,15.06,-1.13%,15.01,15.18,,,,,,,,,,,,,,,
BTDR,2025-11-10,loser,long,-4.34,-19.74%,-13.18%,17.30,15.02,-10.12%,15.51,13.94,+2.30%,10.86,11.11,+0.57%,10.46,10.52,+3.00%,10.32,10.63,+3.68%,10.33,10.71,,,,,,,,,,,,,,,
BTDR,2025-11-10,loser,short,-4.34,-19.74%,+13.18%,17.30,15.02,+10.12%,15.51,13.94,-2.30%,10.86,11.11,-0.57%,10.46,10.52,-3.00%,10.32,10.63,-3.68%,10.33,10.71,,,,,,,,,,,,,,,
OSCR,2025-11-10,loser,long,-3.11,-17.55%,+0.81%,14.73,14.85,+1.34%,14.90,15.10,-5.74%,14.80,13.95,+1.91%,13.62,13.88,+0.71%,14.15,14.25,+5.45%,13.95,14.71,,,,,,,,,,,,,,,
OSCR,2025-11-10,loser,short,-3.11,-17.55%,-0.81%,14.73,14.85,-1.34%,14.90,15.10,+5.74%,14.80,13.95,-1.91%,13.62,13.88,-0.71%,14.15,14.25,-5.45%,13.95,14.71,,,,,,,,,,,,,,,
MTSR,2025-11-10,loser,long,-12.31,-14.80%,+0.27%,70.61,70.80,+0.00%,70.75,70.75,-0.34%,70.74,70.50,+0.00%,70.50,70.50,,,,,,,,,,,,,,,,,,,,,
MTSR,2025-11-10,loser,short,-12.31,-14.80%,-0.27%,70.61,70.80,-0.00%,70.75,70.75,+0.34%,70.74,70.50,-0.00%,70.50,70.50,,,,,,,,,,,,,,,,,,,,,
MNDY,2025-11-10,loser,long,-23.38,-12.33%,-0.69%,166.33,165.18,-3.67%,165.18,159.11,+1.33%,158.50,160.61,+2.18%,157.11,160.54,-6.29%,160.43,150.34,+2.63%,149.25,153.18,,,,,,,,,,,,,,,
MNDY,2025-11-10,loser,short,-23.38,-12.33%,+0.69%,166.33,165.18,+3.67%,165.18,159.11,-1.33%,158.50,160.61,-2.18%,157.11,160.54,+6.29%,160.43,150.34,-2.63%,149.25,153.18,,,,,,,,,,,,,,,
EWTX,2025-11-11,gainer,long,+3.20,+17.51%,-1.21%,21.43,21.17,-3.22%,21.10,20.42,+10.87%,20.52,22.75,-0.76%,22.43,22.26,-0.45%,22.26,22.16,,,,,,,,,,,,,,,,,,
EWTX,2025-11-11,gainer,short,+3.20,+17.51%,+1.21%,21.43,21.17,+3.22%,21.10,20.42,-10.87%,20.52,22.75,+0.76%,22.43,22.26,+0.45%,22.26,22.16,,,,,,,,,,,,,,,,,,
LB,2025-11-11,gainer,long,+10.55,+14.07%,-3.23%,84.23,81.51,-6.27%,78.00,73.11,+2.90%,72.44,74.54,-12.15%,70.44,61.88,+1.51%,61.09,62.01,,,,,,,,,,,,,,,,,,
LB,2025-11-11,gainer,short,+10.55,+14.07%,+3.23%,84.23,81.51,+6.27%,78.00,73.11,-2.90%,72.44,74.54,+12.15%,70.44,61.88,-1.51%,61.09,62.01,,,,,,,,,,,,,,,,,,
DNLI,2025-11-11,gainer,long,+1.98,+12.69%,-0.40%,17.59,17.52,-0.46%,17.23,17.15,+3.87%,16.79,17.44,-0.12%,17.39,17.37,+1.33%,17.25,17.48,,,,,,,,,,,,,,,,,,
DNLI,2025-11-11,gainer,short,+1.98,+12.69%,+0.40%,17.59,17.52,+0.46%,17.23,17.15,-3.87%,16.79,17.44,+0.12%,17.39,17.37,-1.33%,17.25,17.48,,,,,,,,,,,,,,,,,,
APGE,2025-11-11,gainer,long,+6.18,+10.89%,-1.16%,63.84,63.10,+0.86%,62.43,62.97,+4.88%,62.46,65.50,-0.63%,65.24,64.83,-0.03%,63.93,63.91,,,,,,,,,,,,,,,,,,
APGE,2025-11-11,gainer,short,+6.18,+10.89%,+1.16%,63.84,63.10,-0.86%,62.43,62.97,-4.88%,62.46,65.50,+0.63%,65.24,64.83,+0.03%,63.93,63.91,,,,,,,,,,,,,,,,,,
CWAN,2025-11-11,gainer,long,+1.71,+10.25%,-2.82%,20.36,19.79,-2.55%,19.58,19.08,+2.18%,18.84,19.25,+2.20%,19.54,19.97,+2.36%,20.35,20.83,,,,,,,,,,,,,,,,,,
CWAN,2025-11-11,gainer,short,+1.71,+10.25%,+2.82%,20.36,19.79,+2.55%,19.58,19.08,-2.18%,18.84,19.25,-2.20%,19.54,19.97,-2.36%,20.35,20.83,,,,,,,,,,,,,,,,,,
LIF,2025-11-11,loser,long,-20.51,-21.98%,-0.86%,77.60,76.93,-4.84%,76.93,73.21,+0.16%,69.95,70.06,-0.64%,70.24,69.79,-1.53%,69.10,68.04,,,,,,,,,,,,,,,,,,
LIF,2025-11-11,loser,short,-20.51,-21.98%,+0.86%,77.60,76.93,+4.84%,76.93,73.21,-0.16%,69.95,70.06,+0.64%,70.24,69.79,+1.53%,69.10,68.04,,,,,,,,,,,,,,,,,,
CRWV,2025-11-11,loser,long,-17.22,-16.31%,-6.88%,91.74,85.43,-7.16%,84.39,78.34,+2.00%,75.85,77.36,-0.24%,75.51,75.33,+0.66%,74.41,74.90,,,,,,,,,,,,,,,,,,
CRWV,2025-11-11,loser,short,-17.22,-16.31%,+6.88%,91.74,85.43,+7.16%,84.39,78.34,-2.00%,75.85,77.36,+0.24%,75.51,75.33,-0.66%,74.41,74.90,,,,,,,,,,,,,,,,,,
BTDR,2025-11-11,loser,long,-2.63,-14.90%,-10.12%,15.51,13.94,+2.30%,10.86,11.11,+0.57%,10.46,10.52,+3.00%,10.32,10.63,+3.68%,10.33,10.71,,,,,,,,,,,,,,,,,,
BTDR,2025-11-11,loser,short,-2.63,-14.90%,+10.12%,15.51,13.94,-2.30%,10.86,11.11,-0.57%,10.46,10.52,-3.00%,10.32,10.63,-3.68%,10.33,10.71,,,,,,,,,,,,,,,,,,
CENX,2025-11-11,loser,long,-4.43,-13.71%,+4.56%,28.28,29.57,-3.90%,30.22,29.04,+3.01%,27.94,28.78,-2.30%,28.70,28.04,-0.46%,27.33,27.20,,,,,,,,,,,,,,,,,,
CENX,2025-11-11,loser,short,-4.43,-13.71%,-4.56%,28.28,29.57,+3.90%,30.22,29.04,-3.01%,27.94,28.78,+2.30%,28.70,28.04,+0.46%,27.33,27.20,,,,,,,,,,,,,,,,,,
WULF,2025-11-11,loser,long,-1.93,-13.50%,+0.66%,12.56,12.64,-4.03%,12.17,11.68,-2.14%,11.23,10.99,+4.17%,10.61,11.05,+9.69%,10.94,12.00,,,,,,,,,,,,,,,,,,
WULF,2025-11-11,loser,short,-1.93,-13.50%,-0.66%,12.56,12.64,+4.03%,12.17,11.68,+2.14%,11.23,10.99,-4.17%,10.61,11.05,-9.69%,10.94,12.00,,,,,,,,,,,,,,,,,,
MH,2025-11-12,gainer,long,+2.72,+23.92%,+6.40%,14.07,14.97,+4.66%,15.03,15.73,-1.80%,15.55,15.27,+6.07%,15.31,16.24,,,,,,,,,,,,,,,,,,,,,
MH,2025-11-12,gainer,short,+2.72,+23.92%,-6.40%,14.07,14.97,-4.66%,15.03,15.73,+1.80%,15.55,15.27,-6.07%,15.31,16.24,,,,,,,,,,,,,,,,,,,,,
CNTA,2025-11-12,gainer,long,+4.16,+18.46%,-0.88%,26.20,25.97,+6.36%,25.96,27.61,-1.94%,27.86,27.32,+4.34%,27.18,28.36,,,,,,,,,,,,,,,,,,,,,
CNTA,2025-11-12,gainer,short,+4.16,+18.46%,+0.88%,26.20,25.97,-6.36%,25.96,27.61,+1.94%,27.86,27.32,-4.34%,27.18,28.36,,,,,,,,,,,,,,,,,,,,,
ONON,2025-11-12,gainer,long,+6.33,+17.99%,+0.26%,42.29,42.40,+0.00%,42.40,42.40,-1.43%,42.00,41.40,+2.35%,41.68,42.66,,,,,,,,,,,,,,,,,,,,,
ONON,2025-11-12,gainer,short,+6.33,+17.99%,-0.26%,42.29,42.40,-0.00%,42.40,42.40,+1.43%,42.00,41.40,-2.35%,41.68,42.66,,,,,,,,,,,,,,,,,,,,,
BBAI,2025-11-12,gainer,long,+1.09,+17.90%,-9.43%,7.00,6.34,-0.66%,6.10,6.06,-6.54%,5.96,5.57,+8.14%,5.53,5.98,,,,,,,,,,,,,,,,,,,,,
BBAI,2025-11-12,gainer,short,+1.09,+17.90%,+9.43%,7.00,6.34,+0.66%,6.10,6.06,+6.54%,5.96,5.57,-8.14%,5.53,5.98,,,,,,,,,,,,,,,,,,,,,
ORLA,2025-11-12,gainer,long,+1.46,+13.80%,+1.17%,11.95,12.09,+6.30%,11.42,12.14,+0.41%,12.05,12.10,+2.70%,12.20,12.53,,,,,,,,,,,,,,,,,,,,,
ORLA,2025-11-12,gainer,short,+1.46,+13.80%,-1.17%,11.95,12.09,-6.30%,11.42,12.14,-0.41%,12.05,12.10,-2.70%,12.20,12.53,,,,,,,,,,,,,,,,,,,,,
DGNX,2025-11-12,loser,long,-2.35,-14.37%,-6.90%,14.50,13.50,-19.74%,13.12,10.53,+16.75%,11.64,13.59,+2.08%,15.87,16.20,,,,,,,,,,,,,,,,,,,,,
DGNX,2025-11-12,loser,short,-2.35,-14.37%,+6.90%,14.50,13.50,+19.74%,13.12,10.53,-16.75%,11.64,13.59,-2.08%,15.87,16.20,,,,,,,,,,,,,,,,,,,,,
CRCL,2025-11-12,loser,long,-12.31,-12.52%,-4.28%,86.02,82.34,-1.93%,83.50,81.89,-6.36%,81.79,76.59,+1.30%,75.62,76.60,,,,,,,,,,,,,,,,,,,,,
CRCL,2025-11-12,loser,short,-12.31,-12.52%,+4.28%,86.02,82.34,+1.93%,83.50,81.89,+6.36%,81.79,76.59,-1.30%,75.62,76.60,,,,,,,,,,,,,,,,,,,,,
RGTI,2025-11-12,loser,long,-3.10,-9.87%,-6.58%,26.98,25.20,+7.97%,23.60,25.48,-0.81%,24.89,24.69,+5.59%,24.35,25.71,,,,,,,,,,,,,,,,,,,,,
RGTI,2025-11-12,loser,short,-3.10,-9.87%,+6.58%,26.98,25.20,-7.97%,23.60,25.48,+0.81%,24.89,24.69,-5.59%,24.35,25.71,,,,,,,,,,,,,,,,,,,,,
MENS,2025-11-12,loser,long,-3.96,-9.74%,+5.03%,36.41,38.24,-2.08%,39.00,38.19,-23.68%,40.25,30.72,+2.30%,29.18,29.85,,,,,,,,,,,,,,,,,,,,,
MENS,2025-11-12,loser,short,-3.96,-9.74%,-5.03%,36.41,38.24,+2.08%,39.00,38.19,+23.68%,40.25,30.72,-2.30%,29.18,29.85,,,,,,,,,,,,,,,,,,,,,
DQ,2025-11-12,loser,long,-3.46,-9.72%,-2.58%,32.56,31.72,+10.01%,30.47,33.52,+3.60%,33.30,34.50,-3.18%,33.35,32.29,,,,,,,,,,,,,,,,,,,,,
DQ,2025-11-12,loser,short,-3.46,-9.72%,+2.58%,32.56,31.72,-10.01%,30.47,33.52,-3.60%,33.30,34.50,+3.18%,33.35,32.29,,,,,,,,,,,,,,,,,,,,,
CLBT,2025-11-13,gainer,long,+3.31,+20.73%,-0.86%,18.61,18.45,-0.87%,18.33,18.17,+1.61%,18.01,18.30,,,,,,,,,,,,,,,,,,,,,,,,
CLBT,2025-11-13,gainer,short,+3.31,+20.73%,+0.86%,18.61,18.45,+0.87%,18.33,18.17,-1.61%,18.01,18.30,,,,,,,,,,,,,,,,,,,,,,,,
ONDS,2025-11-13,gainer,long,+1.05,+19.06%,+16.75%,6.15,7.18,-16.38%,7.48,6.26,+26.86%,6.18,7.84,,,,,,,,,,,,,,,,,,,,,,,,
ONDS,2025-11-13,gainer,short,+1.05,+19.06%,-16.75%,6.15,7.18,+16.38%,7.48,6.26,-26.86%,6.18,7.84,,,,,,,,,,,,,,,,,,,,,,,,
FLY,2025-11-13,gainer,long,+3.11,+16.99%,+9.44%,20.97,22.95,-14.00%,22.65,19.48,+4.00%,19.00,19.76,,,,,,,,,,,,,,,,,,,,,,,,
FLY,2025-11-13,gainer,short,+3.11,+16.99%,-9.44%,20.97,22.95,+14.00%,22.65,19.48,-4.00%,19.00,19.76,,,,,,,,,,,,,,,,,,,,,,,,
SEE,2025-11-13,gainer,long,+6.12,+16.82%,+1.48%,42.65,43.28,-0.02%,41.93,41.92,+2.10%,41.93,42.81,,,,,,,,,,,,,,,,,,,,,,,,
SEE,2025-11-13,gainer,short,+6.12,+16.82%,-1.48%,42.65,43.28,+0.02%,41.93,41.92,-2.10%,41.93,42.81,,,,,,,,,,,,,,,,,,,,,,,,
TTEK,2025-11-13,gainer,long,+4.96,+15.29%,-3.13%,37.38,36.21,-1.64%,36.29,35.69,-0.03%,35.65,35.64,,,,,,,,,,,,,,,,,,,,,,,,
TTEK,2025-11-13,gainer,short,+4.96,+15.29%,+3.13%,37.38,36.21,+1.64%,36.29,35.69,+0.03%,35.65,35.64,,,,,,,,,,,,,,,,,,,,,,,,
BTDR,2025-11-13,loser,long,-2.83,-20.30%,+0.57%,10.46,10.52,+3.00%,10.32,10.63,+3.68%,10.33,10.71,,,,,,,,,,,,,,,,,,,,,,,,
BTDR,2025-11-13,loser,short,-2.83,-20.30%,-0.57%,10.46,10.52,-3.00%,10.32,10.63,-3.68%,10.33,10.71,,,,,,,,,,,,,,,,,,,,,,,,
FRMI,2025-11-13,loser,long,-4.26,-19.58%,+6.34%,17.20,18.29,+1.89%,18.01,18.35,+3.32%,17.77,18.36,,,,,,,,,,,,,,,,,,,,,,,,
FRMI,2025-11-13,loser,short,-4.26,-19.58%,-6.34%,17.20,18.29,-1.89%,18.01,18.35,-3.32%,17.77,18.36,,,,,,,,,,,,,,,,,,,,,,,,
BE,2025-11-13,loser,long,-23.17,-18.28%,+16.70%,95.88,111.89,-0.04%,107.15,107.11,+1.25%,103.67,104.97,,,,,,,,,,,,,,,,,,,,,,,,
BE,2025-11-13,loser,short,-23.17,-18.28%,-16.70%,95.88,111.89,+0.04%,107.15,107.11,-1.25%,103.67,104.97,,,,,,,,,,,,,,,,,,,,,,,,
FLNC,2025-11-13,loser,long,-2.96,-15.41%,+16.94%,15.31,17.91,-1.54%,17.50,17.23,+1.67%,16.74,17.02,,,,,,,,,,,,,,,,,,,,,,,,
FLNC,2025-11-13,loser,short,-2.96,-15.41%,-16.94%,15.31,17.91,+1.54%,17.50,17.23,-1.67%,16.74,17.02,,,,,,,,,,,,,,,,,,,,,,,,
VIA,2025-11-13,loser,long,-7.36,-14.57%,+2.00%,43.01,43.87,-9.67%,43.11,38.94,-0.71%,38.21,37.94,,,,,,,,,,,,,,,,,,,,,,,,
VIA,2025-11-13,loser,short,-7.36,-14.57%,-2.00%,43.01,43.87,+9.67%,43.11,38.94,+0.71%,38.21,37.94,,,,,,,,,,,,,,,,,,,,,,,,
CDTX,2025-11-14,gainer,long,+111.72,+105.41%,+0.19%,217.50,217.91,+0.19%,218.00,218.41,,,,,,,,,,,,,,,,,,,,,,,,,,,
CDTX,2025-11-14,gainer,short,+111.72,+105.41%,-0.19%,217.50,217.91,-0.19%,218.00,218.41,,,,,,,,,,,,,,,,,,,,,,,,,,,
SRRK,2025-11-14,gainer,long,+7.34,+24.41%,-1.22%,36.92,36.47,+7.96%,36.87,39.81,,,,,,,,,,,,,,,,,,,,,,,,,,,
SRRK,2025-11-14,gainer,short,+7.34,+24.41%,+1.22%,36.92,36.47,-7.96%,36.87,39.81,,,,,,,,,,,,,,,,,,,,,,,,,,,
AVDL,2025-11-14,gainer,long,+4.32,+22.45%,-0.99%,23.25,23.02,-0.56%,23.07,22.94,,,,,,,,,,,,,,,,,,,,,,,,,,,
AVDL,2025-11-14,gainer,short,+4.32,+22.45%,+0.99%,23.25,23.02,+0.56%,23.07,22.94,,,,,,,,,,,,,,,,,,,,,,,,,,,
LGN,2025-11-14,gainer,long,+6.95,+20.86%,-2.00%,40.94,40.12,+9.72%,40.95,44.93,,,,,,,,,,,,,,,,,,,,,,,,,,,
LGN,2025-11-14,gainer,short,+6.95,+20.86%,+2.00%,40.94,40.12,-9.72%,40.95,44.93,,,,,,,,,,,,,,,,,,,,,,,,,,,
CSIQ,2025-11-14,gainer,long,+4.96,+17.33%,-10.12%,31.67,28.47,-4.88%,27.78,26.42,,,,,,,,,,,,,,,,,,,,,,,,,,,
CSIQ,2025-11-14,gainer,short,+4.96,+17.33%,+10.12%,31.67,28.47,+4.88%,27.78,26.42,,,,,,,,,,,,,,,,,,,,,,,,,,,
DGNX,2025-11-14,loser,long,-2.97,-22.00%,+16.75%,11.64,13.59,+2.08%,15.87,16.20,,,,,,,,,,,,,,,,,,,,,,,,,,,
DGNX,2025-11-14,loser,short,-2.97,-22.00%,-16.75%,11.64,13.59,-2.08%,15.87,16.20,,,,,,,,,,,,,,,,,,,,,,,,,,,
STUB,2025-11-14,loser,long,-3.95,-20.99%,-13.50%,14.82,12.82,-6.15%,12.85,12.06,,,,,,,,,,,,,,,,,,,,,,,,,,,
STUB,2025-11-14,loser,short,-3.95,-20.99%,+13.50%,14.82,12.82,+6.15%,12.85,12.06,,,,,,,,,,,,,,,,,,,,,,,,,,,
HTFL,2025-11-14,loser,long,-2.96,-9.57%,-4.45%,27.63,26.40,+4.64%,26.10,27.31,,,,,,,,,,,,,,,,,,,,,,,,,,,
HTFL,2025-11-14,loser,short,-2.96,-9.57%,+4.45%,27.63,26.40,-4.64%,26.10,27.31,,,,,,,,,,,,,,,,,,,,,,,,,,,
EOSE,2025-11-14,loser,long,-1.40,-9.24%,-3.74%,13.51,13.00,+6.44%,12.66,13.48,,,,,,,,,,,,,,,,,,,,,,,,,,,
EOSE,2025-11-14,loser,short,-1.40,-9.24%,+3.74%,13.51,13.00,-6.44%,12.66,13.48,,,,,,,,,,,,,,,,,,,,,,,,,,,
CLSK,2025-11-14,loser,long,-1.02,-8.51%,-0.58%,10.67,10.61,+3.35%,10.46,10.81,,,,,,,,,,,,,,,,,,,,,,,,,,,
CLSK,2025-11-14,loser,short,-1.02,-8.51%,+0.58%,10.67,10.61,-3.35%,10.46,10.81,,,,,,,,,,,,,,,,,,,,,,,,,,,
PACS,2025-11-17,gainer,long,+5.12,+48.39%,-6.12%,15.37,14.43,,,,,,,,,,,,,,,,,,,,,,,,,,,,,,
PACS,2025-11-17,gainer,short,+5.12,+48.39%,+6.12%,15.37,14.43,,,,,,,,,,,,,,,,,,,,,,,,,,,,,,
DGNX,2025-11-17,gainer,long,+3.06,+29.06%,+2.08%,15.87,16.20,,,,,,,,,,,,,,,,,,,,,,,,,,,,,,
DGNX,2025-11-17,gainer,short,+3.06,+29.06%,-2.08%,15.87,16.20,,,,,,,,,,,,,,,,,,,,,,,,,,,,,,
JAZZ,2025-11-17,gainer,long,+29.02,+20.57%,+6.13%,170.09,180.52,,,,,,,,,,,,,,,,,,,,,,,,,,,,,,
JAZZ,2025-11-17,gainer,short,+29.02,+20.57%,-6.13%,170.09,180.52,,,,,,,,,,,,,,,,,,,,,,,,,,,,,,
TERN,2025-11-17,gainer,long,+3.00,+13.30%,+9.76%,25.11,27.56,,,,,,,,,,,,,,,,,,,,,,,,,,,,,,
TERN,2025-11-17,gainer,short,+3.00,+13.30%,-9.76%,25.11,27.56,,,,,,,,,,,,,,,,,,,,,,,,,,,,,,
NUVL,2025-11-17,gainer,long,+11.50,+11.92%,-0.13%,104.38,104.24,,,,,,,,,,,,,,,,,,,,,,,,,,,,,,
NUVL,2025-11-17,gainer,short,+11.50,+11.92%,+0.13%,104.38,104.24,,,,,,,,,,,,,,,,,,,,,,,,,,,,,,
MENS,2025-11-17,loser,long,-7.47,-19.56%,+2.30%,29.18,29.85,,,,,,,,,,,,,,,,,,,,,,,,,,,,,,
MENS,2025-11-17,loser,short,-7.47,-19.56%,-2.30%,29.18,29.85,,,,,,,,,,,,,,,,,,,,,,,,,,,,,,
LB,2025-11-17,loser,long,-12.66,-16.98%,+1.51%,61.09,62.01,,,,,,,,,,,,,,,,,,,,,,,,,,,,,,
LB,2025-11-17,loser,short,-12.66,-16.98%,-1.51%,61.09,62.01,,,,,,,,,,,,,,,,,,,,,,,,,,,,,,
FLY,2025-11-17,loser,long,-3.47,-15.12%,+4.00%,19.00,19.76,,,,,,,,,,,,,,,,,,,,,,,,,,,,,,
FLY,2025-11-17,loser,short,-3.47,-15.12%,-4.00%,19.00,19.76,,,,,,,,,,,,,,,,,,,,,,,,,,,,,,
STUB,2025-11-17,loser,long,-2.05,-13.79%,-6.15%,12.85,12.06,,,,,,,,,,,,,,,,,,,,,,,,,,,,,,
STUB,2025-11-17,loser,short,-2.05,-13.79%,+6.15%,12.85,12.06,,,,,,,,,,,,,,,,,,,,,,,,,,,,,,
ONDS,2025-11-17,loser,long,-0.93,-12.88%,+26.86%,6.18,7.84,,,,,,,,,,,,,,,,,,,,,,,,,,,,,,
ONDS,2025-11-17,loser,short,-0.93,-12.88%,-26.86%,6.18,7.84,,,,,,,,,,,,,,,,,,,,,,,,,,,,,,
ONDS,2025-11-18,gainer,long,+1.59,+25.34%,,,,,,,,,,,,,,,,,,,,,,,,,,,,,,,,,
ONDS,2025-11-18,gainer,short,+1.59,+25.34%,,,,,,,,,,,,,,,,,,,,,,,,,,,,,,,,,
DGNX,2025-11-18,gainer,long,+2.61,+19.21%,,,,,,,,,,,,,,,,,,,,,,,,,,,,,,,,,
DGNX,2025-11-18,gainer,short,+2.61,+19.21%,,,,,,,,,,,,,,,,,,,,,,,,,,,,,,,,,
LGN,2025-11-18,gainer,long,+4.81,+11.99%,,,,,,,,,,,,,,,,,,,,,,,,,,,,,,,,,
LGN,2025-11-18,gainer,short,+4.81,+11.99%,,,,,,,,,,,,,,,,,,,,,,,,,,,,,,,,,
TMC,2025-11-18,gainer,long,+0.54,+10.95%,,,,,,,,,,,,,,,,,,,,,,,,,,,,,,,,,
TMC,2025-11-18,gainer,short,+0.54,+10.95%,,,,,,,,,,,,,,,,,,,,,,,,,,,,,,,,,
SRRK,2025-11-18,gainer,long,+3.34,+9.14%,,,,,,,,,,,,,,,,,,,,,,,,,,,,,,,,,
SRRK,2025-11-18,gainer,short,+3.34,+9.14%,,,,,,,,,,,,,,,,,,,,,,,,,,,,,,,,,
NICE,2025-11-18,loser,long,-15.21,-12.58%,,,,,,,,,,,,,,,,,,,,,,,,,,,,,,,,,
NICE,2025-11-18,loser,short,-15.21,-12.58%,,,,,,,,,,,,,,,,,,,,,,,,,,,,,,,,,
KLAR,2025-11-18,loser,long,-3.25,-9.32%,,,,,,,,,,,,,,,,,,,,,,,,,,,,,,,,,
KLAR,2025-11-18,loser,short,-3.25,-9.32%,,,,,,,,,,,,,,,,,,,,,,,,,,,,,,,,,
PACS,2025-11-18,loser,long,-1.27,-8.09%,,,,,,,,,,,,,,,,,,,,,,,,,,,,,,,,,
PACS,2025-11-18,loser,short,-1.27,-8.09%,,,,,,,,,,,,,,,,,,,,,,,,,,,,,,,,,
SNDK,2025-11-18,loser,long,-20.95,-7.88%,,,,,,,,,,,,,,,,,,,,,,,,,,,,,,,,,
SNDK,2025-11-18,loser,short,-20.95,-7.88%,,,,,,,,,,,,,,,,,,,,,,,,,,,,,,,,,
GPCR,2025-11-18,loser,long,-2.94,-7.85%,,,,,,,,,,,,,,,,,,,,,,,,,,,,,,,,,
GPCR,2025-11-18,loser,short,-2.94,-7.85%,,,,,,,,,,,,,,,,,,,,,,,,,,,,,,,,,
,,,,,,,,,,,,,,,,,,,,,,,,,,,,,,,,,,,,,,
Total Gainer Long Return (%),,,,,,+75.91%,,,+25.79%,,,+19.36%,,,-2.81%,,,-27.65%,,,-48.80%,,,-11.94%,,,-16.62%,,,+1.97%,,,-2.30%,,,+0.58%,,
Win Rate Gainer Long (%),,,,,,+52.73%,,,+54.00%,,,+53.33%,,,+50.00%,,,+37.14%,,,+36.67%,,,+40.00%,,,+40.00%,,,+57.14%,,,+44.44%,,,+80.00%,,
Avg Daily Return Gainer Long (%),,,,,,+1.16%,,,+0.59%,,,+0.55%,,,+0.01%,,,-0.87%,,,-2.12%,,,-0.42%,,,-0.83%,,,+0.19%,,,-0.22%,,,+0.14%,,
Total Gainer Short Return (%),,,,,,-51.18%,,,-30.30%,,,-28.53%,,,-3.75%,,,+33.14%,,,+83.77%,,,+8.50%,,,+16.48%,,,-3.42%,,,+1.69%,,,-0.80%,,
Win Rate Gainer Short (%),,,,,,+47.27%,,,+44.00%,,,+46.67%,,,+50.00%,,,+62.86%,,,+60.00%,,,+60.00%,,,+55.00%,,,+42.86%,,,+55.56%,,,+20.00%,,
Avg Daily Return Gainer Short (%),,,,,,-1.16%,,,-0.59%,,,-0.55%,,,-0.01%,,,+0.87%,,,+2.12%,,,+0.42%,,,+0.83%,,,-0.19%,,,+0.22%,,,-0.14%,,
Total Loser Long Return (%),,,,,,-6.27%,,,-36.60%,,,-30.66%,,,+31.21%,,,-7.27%,,,-5.30%,,,-34.06%,,,-27.87%,,,+24.70%,,,+13.30%,,,+7.50%,,
Win Rate Loser Long (%),,,,,,+47.27%,,,+44.00%,,,+44.44%,,,+52.50%,,,+50.00%,,,+41.38%,,,+32.00%,,,+35.00%,,,+46.67%,,,+60.00%,,,+60.00%,,
Avg Daily Return Loser Long (%),,,,,,+0.13%,,,-0.74%,,,-0.68%,,,+0.76%,,,-0.17%,,,-0.06%,,,-1.59%,,,-1.47%,,,+1.59%,,,+1.28%,,,+1.47%,,
Total Loser Short Return (%),,,,,,-20.17%,,,+33.80%,,,+28.47%,,,-28.85%,,,+3.92%,,,-2.33%,,,+46.11%,,,+30.33%,,,-22.87%,,,-12.30%,,,-7.24%,,
Win Rate Loser Short (%),,,,,,+52.73%,,,+54.00%,,,+53.33%,,,+45.00%,,,+50.00%,,,+58.62%,,,+68.00%,,,+60.00%,,,+53.33%,,,+40.00%,,,+40.00%,,
Avg Daily Return Loser Short (%),,,,,,-0.13%,,,+0.74%,,,+0.68%,,,-0.76%,,,+0.17%,,,+0.06%,,,+1.59%,,,+1.47%,,,-1.59%,,,-1.28%,,,-1.47%,,
